,n_expt,id,phant_id,tum_rad,tum_shape,tum_x,tum_y,tum_z,birads,adi_ref_id,emp_ref_id,date,n_session,ant_rad,ant_z,fib_ang,adi_x,adi_y,fib_ref_id,fib_x,fib_y,tum_in_fib
165,1,808,A1F1,1.5,sphere,2.25,-1.75,-4,2,812,813,04/12/2019,102,21,-6.51,0,0,0,,0,0,0
166,2,809,A1F1,1,sphere,2.25,-1.75,-4,2,812,813,04/12/2019,102,21,-6.51,15,0,0,,0,0,0
167,3,810,A1F1,1,sphere,0,-0.75,-4,2,812,813,04/12/2019,102,21,-6.51,30,0,0,,0,0,0
168,4,811,A1F1,0.5,sphere,0,0,-4,2,812,813,04/12/2019,102,21,-6.51,45,0,0,,0,0,0
169,7,814,A1F1,1,sphere,-0.5,2.25,-4,2,818,813,04/12/2019,102,21,-6.51,60,0,0.5,,0,0,0
170,8,815,A1F1,1,sphere,-0.75,-1,-4,2,818,813,04/12/2019,102,21,-6.51,75,0,0.5,,0,0,0
171,9,816,A1F1,0.5,sphere,-0.75,3,-3,2,818,813,04/12/2019,102,21,-6.51,90,0,0.5,,0,0,0
172,10,817,A1F1,0.5,sphere,-0.75,-1.5,-4,2,818,813,04/12/2019,102,21,-6.51,-15,0,0.5,,0,0,0
8,1,116,A13F14,1.5,sphere,0.75,2,-5.5,4,121,122,10/09/2019,16,22,-6.51,0,0,0,,0,0,1
9,2,117,A13F14,1.5,sphere,0,2.75,-5.5,4,121,122,10/09/2019,16,22,-6.51,15,0,0,,-0.25,1.5,1
10,3,118,A13F14,1,sphere,-2.25,-2.25,-6.5,4,121,122,10/09/2019,16,22,-6.51,180,0,0,,1,0,0
11,4,119,A13F14,1,sphere,0.75,-1.75,-5.5,4,121,122,10/09/2019,16,22,-6.51,165,0,0,,0,0,1
12,5,120,A13F14,0.5,sphere,-2.25,-2.25,-6.7,4,121,122,10/09/2019,16,22,-6.51,-15,0,0,,0,0,0
13,8,123,A13F14,1.5,sphere,-2.25,-2.25,-6.5,4,128,122,10/09/2019,16,22,-6.51,-15,-0.5,-0.5,,0,1.75,0
14,9,124,A13F14,1,sphere,-2.25,-3.75,-6.7,4,128,122,10/09/2019,16,22,-6.51,-15,-0.5,-0.5,,0,1.75,0
15,10,125,A13F14,0.5,sphere,-2.25,-3.75,-6.7,4,128,122,10/09/2019,16,22,-6.51,-15,-0.5,-0.5,,0,1.75,0
16,11,126,A13F14,0.5,sphere,0.75,-0.75,-5.5,4,128,122,10/09/2019,16,22,-6.51,0,-0.5,-0.5,,0,0,1
17,12,127,A13F14,0.5,sphere,-3.75,-0.75,-6.7,4,128,122,10/09/2019,16,22,-6.51,0,-0.5,-0.5,,0,0,0
18,2,130,A13F14,1.5,sphere,0.75,-0.75,-5.5,4,134,129,10/09/2019,17,22,-6.51,180,0.5,0,,0,0,1
19,3,131,A13F14,1.5,sphere,2.25,-2.25,-6.5,4,134,129,10/09/2019,17,22,-6.51,195,0.5,0,,0,1.5,0
20,4,132,A13F14,1,sphere,2.25,-2.25,-6.7,4,134,129,10/09/2019,17,22,-6.51,195,0.5,0,,0,1.5,0
21,5,133,A13F14,1,sphere,-0.75,3.75,-5.5,4,134,129,10/09/2019,17,22,-6.51,195,0.5,0,,0,1.5,1
22,1,162,A11F4,1.5,sphere,0,1.25,-3.2,4,166,167,17/09/2019,21,21,-6.51,0,0,0,,0,0,1
23,2,163,A11F4,1.5,sphere,0.75,-3.5,-6.5,4,166,167,17/09/2019,21,21,-6.51,0,0,0,,0,1,0
24,3,164,A11F4,1,sphere,0.75,-3.75,-6.7,4,166,167,17/09/2019,21,21,-6.51,15,0,0,,0,1,0
25,4,165,A11F4,0.5,sphere,0.75,-3.75,-6.7,4,166,167,17/09/2019,21,21,-6.51,,0,0,,0,1,0
26,1,168,A14F4,1.5,sphere,2.25,-2.25,-6.5,2,172,173,19/09/2019,22,22,-6.51,0,0,0,,-1,0,
27,2,169,A14F4,1,sphere,2.25,-3.75,-6.7,2,172,173,19/09/2019,22,22,-6.51,0,0,0,,0,1,
28,3,170,A14F4,1,sphere,2.25,-0.75,-6.7,2,172,173,19/09/2019,22,22,-6.51,15,0,0,,0,0,
29,4,171,A14F4,0.5,sphere,-2.25,-0.75,-6.7,2,172,173,19/09/2019,22,22,-6.51,195,0,0,,0,0,
30,1,174,A11F11,1.5,sphere,0.75,-3.75,-6.5,3,177,178,20/09/2019,23,21,-6.51,0,0.5,0,,-0.5,1,0
31,2,175,A11F11,1,sphere,0.75,-3.75,-6.7,3,177,178,20/09/2019,23,21,-6.51,0,0.5,0,,-0.5,1,0
32,3,176,A11F11,1,sphere,-0.75,-3.75,-6.7,3,177,178,20/09/2019,23,21,-6.51,-45,0.5,0,,0,0,0
33,6,179,A11F11,0.5,sphere,-2.25,-2.25,-6.7,3,182,178,20/09/2019,23,21,-6.51,180,0,0.5,,0,1,
34,7,180,A11F11,0.5,sphere,0.75,-3.75,-6.7,3,182,178,20/09/2019,23,21,-6.51,195,0,0.5,,0,0,
35,8,181,A11F11,0.5,sphere,2.25,-2.25,-6.7,3,182,178,20/09/2019,23,21,-6.51,210,0,0.5,,0,0,
173,1,819,A1F1,1,sphere,-0.75,-3.75,-4,2,823,824,04/12/2019,103,21,-6.51,-30,-0.5,0,,0,0,0
174,2,820,A1F1,1,sphere,0,-2.25,-4,2,823,824,04/12/2019,103,21,-6.51,-45,-0.5,0,,0,0,0
175,3,821,A1F1,0.5,sphere,-0.75,-4,-4,2,823,824,04/12/2019,103,21,-6.51,-60,-0.5,0,,0,0,0
176,4,822,A1F1,0.5,sphere,2,-2.25,-4.5,2,823,824,04/12/2019,103,21,-6.51,-75,-0.5,0,,0,0,0
177,7,825,A1F1,1.5,sphere,0.5,-2.75,-4,2,829,824,04/12/2019,103,21,-6.51,45,0.5,0,,0,1.5,0
178,8,826,A1F1,0.5,sphere,0.5,-2.75,-4,2,829,824,04/12/2019,103,21,-6.51,45,0.5,0,,0,1.5,0
179,9,827,A1F1,0.5,sphere,1.5,-0.75,-4,2,829,824,04/12/2019,103,21,-6.51,180,0.5,0,,0,0,0
180,10,828,A1F1,0.5,sphere,-0.5,1,-4.5,2,829,824,04/12/2019,103,21,-6.51,195,0.5,0,,0,0,0
44,6,633,A16F13,1.5,sphere,-0.75,5.25,-6.5,2,637,632,26/11/2019,81,23,-6.51,-15,0,0,,0,0,0
45,7,634,A16F13,1,sphere,-0.75,0.75,-5.6,2,637,632,26/11/2019,81,23,-6.51,0,0,0,,0,0,1
46,8,635,A16F13,1,sphere,-0.75,-0.75,-5.6,2,637,632,26/11/2019,81,23,-6.51,-90,0,0,,0,0,1
47,9,636,A16F13,0.5,sphere,0.75,-3.75,-6.7,2,637,632,26/11/2019,81,23,-6.51,-90,0,0,,0,0,0
181,1,830,A1F1,1.5,sphere,0,-2.5,-4,2,833,834,04/12/2019,104,21,-6.51,165,0,0,,0,1.5,0
182,2,831,A1F1,1,sphere,0.75,-2.25,-4,2,833,834,04/12/2019,104,21,-6.51,165,0,0,,0,1.5,0
183,3,832,A1F1,0.5,sphere,0.75,-2.25,-4,2,833,834,04/12/2019,104,21,-6.51,165,0,0,,0,1.5,0
1,2,106,A1F11,1.5,sphere,-0.75,0.75,-6.5,4,109,110,10/09/2019,15,21,-6.51,180,0,0,,0,0,0
52,1,644,A16F12,1.5,sphere,2.25,-0.75,-6.5,2,647,648,26/11/2019,83,23,-6.51,0,0,0,,0,0,0
53,2,645,A16F12,1,sphere,0.75,-3.75,-6.7,2,647,648,26/11/2019,83,23,-6.51,45,0,0,,0,0,0
54,3,646,A16F12,0.5,sphere,2.25,3.75,-6.7,2,647,648,26/11/2019,83,23,-6.51,90,0,0,,0,0,0
55,1,649,A12F11,1.5,sphere,-2.25,-2.25,-6.5,2,653,654,27/11/2019,84,22,-6.51,0,0,0,,0,0,0
56,2,650,A12F11,1,sphere,-2.25,-0.75,-6.7,2,653,654,27/11/2019,84,22,-6.51,-45,0,0,,0,0,0
57,3,651,A12F11,1,sphere,-0.75,2,-6.7,2,653,654,27/11/2019,84,22,-6.51,45,0,0,,0,-1.5,0
58,4,652,A12F11,0.5,sphere,2.25,-2.25,-6.7,2,653,654,27/11/2019,84,22,-6.51,-90,0,0,,0,0,0
59,7,655,A12F11,1.5,sphere,0.75,0.75,-5,2,658,654,27/11/2019,84,22,-6.51,0,0,0.5,,0,0,1
60,8,656,A12F11,1,sphere,0.75,0.75,-5,2,658,654,27/11/2019,84,22,-6.51,90,0,0.5,,0,0,1
61,9,657,A12F11,0.5,sphere,0.75,0.75,-4.25,2,658,654,27/11/2019,84,22,-6.51,45,0,0.5,,0,0,1
62,1,659,A13F12,1.5,sphere,-0.75,-3.75,-6.5,3,663,664,27/11/2019,85,22,-6.51,-30,0,0,,0,0,0
63,2,660,A13F12,1,sphere,0.75,-3.75,-6.7,3,663,664,27/11/2019,85,22,-6.51,30,0,0,,0,0,0
64,3,661,A13F12,1,sphere,-0.75,3.75,-6.7,3,663,664,27/11/2019,85,22,-6.51,30,0,0,,0,-1.5,0
65,4,662,A13F12,0.5,sphere,-0.75,3.75,-6.7,3,663,664,27/11/2019,85,22,-6.51,30,0,0,,0,-1.5,0
66,7,665,A13F12,1.5,sphere,-0.75,0.75,-5,3,668,664,27/11/2019,85,22,-6.51,0,-0.5,0,,0,0,1
67,8,666,A13F12,1,sphere,0.75,2.25,-5,3,668,664,27/11/2019,85,22,-6.51,30,-0.5,0,,0,0,1
68,9,667,A13F12,0.5,sphere,-2.25,2.25,-5,3,668,664,27/11/2019,85,22,-6.51,-30,-0.5,0,,0,0,1
2,3,107,A1F11,1,sphere,-2,-1.5,-6.7,4,109,110,10/09/2019,15,21,-6.51,165,0,0,,0.5,1,0
0,1,105,A1F11,1.5,sphere,0,-0.75,-6.5,4,109,110,10/09/2019,15,21,-6.51,0,0,0,,0,0,0
4,7,111,A1F11,1.5,sphere,1,-1.75,-6.5,4,115,110,10/09/2019,15,21,-6.51,-15,0,-1,,0,0,0
72,1,674,A13F4,1.5,sphere,-0.75,-3.75,-6.5,3,678,679,29/11/2019,87,22,-6.51,30,0,0,,0,1.5,0
73,2,675,A13F4,1,sphere,-3,-0.75,-6.7,3,678,679,29/11/2019,87,22,-6.51,-15,0,0,,0,0,0
74,3,676,A13F4,1,sphere,-0.75,-3.75,-6.7,3,678,679,29/11/2019,87,22,-6.51,0,0,0,,0,1.5,0
75,4,677,A13F4,0.5,sphere,-2.25,0.75,-6.7,3,678,679,29/11/2019,87,22,-6.51,180,0,0,,0,0,0
76,7,680,A13F4,1.5,sphere,-2.25,2.25,-6.5,3,683,679,29/11/2019,87,22,-6.51,15,0.5,0,,0,-1.5,0
77,8,681,A13F4,1,sphere,0.75,3.75,-6.7,3,683,679,29/11/2019,87,22,-6.51,-30,0.5,0,,0,0,0
78,9,682,A13F4,0.5,sphere,-2.75,-0.75,-6.7,3,683,679,29/11/2019,87,22,-6.51,0,0.5,0,,0,0,0
79,1,684,A14F12,1.5,sphere,-2.75,-2.25,-6.5,3,688,689,29/11/2019,88,22,-6.51,0,0,0,,0,0,0
80,2,685,A14F12,1,sphere,2.25,-2.25,-6.7,3,688,689,29/11/2019,88,22,-6.51,15,0,0,,0,0,0
81,3,686,A14F12,1,sphere,-0.75,-3.75,-6.7,3,688,689,29/11/2019,88,22,-6.51,-30,0,0,,0,0,0
82,4,687,A14F12,0.5,sphere,0.75,3.75,-6.7,3,688,689,29/11/2019,88,22,-6.51,45,0,0,,0,0,0
83,7,690,A14F12,1.5,sphere,0,2.5,-5,3,693,689,29/11/2019,88,22,-6.51,0,0,0.5,,0,0,1
84,8,691,A14F12,1,sphere,2,2,-5,3,693,689,29/11/2019,88,22,-6.51,45,0,0.5,,0,0,1
85,9,692,A14F12,0.5,sphere,2.25,0.75,-5,3,693,689,29/11/2019,88,22,-6.51,90,0,0.5,,0,0,1
86,1,694,A13F2,1.5,sphere,-2.25,1,-6.5,2,698,699,29/11/2019,89,22,-6.51,0,0,0,,0,0,0
87,2,695,A13F2,1,sphere,0.75,3.75,-6.7,2,698,699,29/11/2019,89,22,-6.51,45,0,0,,0,0,0
88,3,696,A13F2,1,sphere,-2.25,0,-6.7,2,698,699,29/11/2019,89,22,-6.51,-45,0,0,,0,0,0
89,4,697,A13F2,0.5,sphere,2.25,-2.25,-6.7,2,698,699,29/11/2019,89,22,-6.51,-90,0,0,,0,0,0
90,1,700,A11F1,1.5,sphere,2.25,-2.25,-6.5,1,704,705,02/12/2019,90,22,-6.51,0,0,0,,0,0,0
91,2,701,A11F1,1,sphere,0.75,-3.75,-6.7,1,704,705,02/12/2019,90,22,-6.51,45,0,0,,0,0,0
92,3,702,A11F1,1,sphere,-0.75,-2.25,-6.7,1,704,705,02/12/2019,90,22,-6.51,-15,0,0,,0,0,0
93,4,703,A11F1,0.5,sphere,-2.25,0.75,-6.7,1,704,705,02/12/2019,90,22,-6.51,-30,0,0,,0,0,0
94,7,706,A11F1,1.5,sphere,0.75,-3.75,-6.5,1,710,705,02/12/2019,90,22,-6.51,30,0,-0.5,,0,0,0
95,8,707,A11F1,1.5,sphere,-0.75,0.75,-6.5,1,710,705,02/12/2019,90,22,-6.51,45,0,-0.5,,0,-1.5,0
96,9,708,A11F1,1,sphere,-1.75,-2.25,-6.7,1,710,705,02/12/2019,90,22,-6.51,90,0,-0.5,,0,0,0
97,10,709,A11F1,0.5,sphere,0.75,-3.75,-6.7,1,710,705,02/12/2019,90,22,-6.51,-45,0,-0.5,,0,0,0
98,1,711,A11F1,1.5,sphere,0,-2.25,-6.5,1,715,716,02/12/2019,91,22,-6.51,225,-0.5,0,,0,1.5,0
99,2,712,A11F1,1,sphere,0.75,-2.25,-6.7,1,715,716,02/12/2019,91,22,-6.51,180,-0.5,0,,0,0,0
100,3,713,A11F1,0.5,sphere,2,-0.75,-6.7,1,715,716,02/12/2019,91,22,-6.51,165,-0.5,0,,0,0,0
101,4,714,A11F1,0.5,sphere,-0.75,2.25,-6.7,1,715,716,02/12/2019,91,22,-6.51,210,-0.5,0,,0,0,0
102,7,717,A11F1,1,sphere,0.75,0.75,-6.7,1,719,716,02/12/2019,91,22,-6.51,135,0,0.5,,-1.5,0,0
103,8,718,A11F1,0.5,sphere,0.75,0.75,-6.7,1,719,716,02/12/2019,91,22,-6.51,240,0,0.5,,0,-1.5,0
104,1,720,A13F1,1.5,sphere,-2.25,2.25,-6.5,1,724,725,02/12/2019,92,22,-6.51,0,0,0,,0,0,0
105,2,721,A13F1,1,sphere,2.25,2.25,-6.7,1,724,725,02/12/2019,92,22,-6.51,15,0,0,,0,0,0
106,3,722,A13F1,1,sphere,-0.75,-4.75,-6.7,1,724,725,02/12/2019,92,22,-6.51,45,0,0,,0,0,0
107,4,723,A13F1,0.5,sphere,-0.75,-3.75,-6.7,1,724,725,02/12/2019,92,22,-6.51,60,0,0,,0,0,0
108,7,726,A13F1,1.5,sphere,0.75,3.75,-6.5,1,730,725,02/12/2019,92,22,-6.51,-45,0,0.5,,0,0,0
109,8,727,A13F1,1.5,sphere,-0.75,-2.25,-6.5,1,730,725,02/12/2019,92,22,-6.51,-90,0,0.5,,0,0,0
110,9,728,A13F1,1,sphere,-2.25,-0.75,-6.7,1,730,725,02/12/2019,92,22,-6.51,30,0,0.5,,0,0,0
111,10,729,A13F1,0.5,sphere,2.25,-2.25,-6.7,1,730,725,02/12/2019,92,22,-6.51,90,0,0.5,,0,0,0
112,1,731,A13F1,1.5,sphere,0.75,2.25,-6.5,1,734,735,02/12/2019,93,22,-6.51,225,0.5,0,,0,0,0
113,2,732,A13F1,1,sphere,2.25,-2.25,-6.7,1,734,735,02/12/2019,93,22,-6.51,180,0.5,0,,0,0,0
114,3,733,A13F1,0.5,sphere,-0.75,2.25,-6.7,1,734,735,02/12/2019,93,22,-6.51,195,0.5,0,,0,0,0
115,6,736,A13F1,1,sphere,-0.75,-3.75,-6.7,1,739,735,02/12/2019,93,22,-6.51,165,0,-0.5,,0,0,0
116,7,737,A13F1,0.5,sphere,2.25,-0.75,-6.7,1,739,735,02/12/2019,93,22,-6.51,150,0,-0.5,,0,0,0
117,8,738,A13F1,0.5,sphere,-3.75,0.75,-6.7,1,739,735,02/12/2019,93,22,-6.51,210,0,-0.5,,0,0,0
118,1,740,A14F3,1.5,sphere,-2.25,-2.25,-6.5,2,743,744,02/12/2019,94,22,-6.51,0,0,0,,0,0,0
119,2,741,A14F3,1,sphere,0.75,-3.75,-6.7,2,743,744,02/12/2019,94,22,-6.51,45,0,0,,0,0,0
120,3,742,A14F3,0.5,sphere,2.25,-3.75,-6.7,2,743,744,02/12/2019,94,22,-6.51,90,0,0,,0,0,0
121,1,745,A14F1,1.5,sphere,-2.25,-2.25,-6.5,1,749,750,03/12/2019,95,22,-6.51,0,0,0,,0,0,0
122,2,746,A14F1,1,sphere,2.25,2.25,-6.7,1,749,750,03/12/2019,95,22,-6.51,15,0,0,,0,0,0
123,3,747,A14F1,1,sphere,0.75,-3.75,-6.7,1,749,750,03/12/2019,95,22,-6.51,30,0,0,,0,0,0
124,4,748,A14F1,0.5,sphere,-0.75,-3.75,-6.7,1,749,750,03/12/2019,95,22,-6.51,45,0,0,,0,0,0
125,7,751,A14F1,1.5,sphere,-0.75,-3.75,-6.5,1,755,750,03/12/2019,95,22,-6.51,-30,0,-0.5,,0,0,0
126,8,752,A14F1,1.5,sphere,2.25,0.75,-6.5,1,755,750,03/12/2019,95,22,-6.51,-60,0,-0.5,,0,0,0
127,9,753,A14F1,1,sphere,2.25,0.75,-6.7,1,755,750,03/12/2019,95,22,-6.51,-75,0,-0.5,,0,0,0
128,10,754,A14F1,0.5,sphere,-2.25,0.75,-6.7,1,755,750,03/12/2019,95,22,-6.51,-90,0,-0.5,,0,0,0
129,1,756,A14F1,1.5,sphere,2.25,-2.25,-6.5,1,759,760,03/12/2019,96,22,-6.51,180,-0.5,0,,0,0,0
130,2,757,A14F1,1,sphere,0.75,-2.25,-6.7,1,759,760,03/12/2019,96,22,-6.51,195,-0.5,0,,0,0,0
131,3,758,A14F1,0.5,sphere,-0.75,2.25,-6.7,1,759,760,03/12/2019,96,22,-6.51,225,-0.5,0,,0,0,0
132,6,761,A14F1,1,sphere,-0.75,0.75,-6.7,1,764,760,03/12/2019,96,22,-6.51,165,0.5,0,,0,0,0
133,7,762,A14F1,0.5,sphere,-2.25,-3.75,-6.7,1,764,760,03/12/2019,96,22,-6.51,150,0.5,0,,0,0,0
134,8,763,A14F1,0.5,sphere,3.75,-0.75,-6.7,1,764,760,03/12/2019,96,22,-6.51,135,0.5,0,,0,0,0
3,4,108,A1F11,1,sphere,0,-2.5,-6.7,4,109,110,10/09/2019,15,21,-6.51,0,0,0,,0,-1,0
5,8,112,A1F11,1,sphere,-2.25,-3,-6.7,4,115,110,10/09/2019,15,21,-6.51,0,0,-1,,1,0,0
7,10,114,A1F11,0.5,sphere,-2,-1.25,-6.7,4,115,110,10/09/2019,15,21,-6.51,180,0,-1,,0,0,0
6,9,113,A1F11,0.5,sphere,-1.5,-2.5,-6.7,4,115,110,10/09/2019,15,21,-6.51,0,0,-1,,0,0,0
39,1,288,A1F11,0.5,sphere,-2.25,-2.25,-6.7,4,290,291,22/10/2019,38,22,-6.51,0,0,0.5,289,0,0,0
40,2,289,A1F11,,,,,,4,290,291,22/10/2019,38,22,-6.51,0,0,0.5,,0,0,
402,1,1144,A1F3,1.5,sphere,-0.75,-2.25,-6,3,1148,1149,12/12/2019,136,21,-6.51,180,0,0,,0,1,0
403,2,1145,A1F3,1,sphere,-0.75,-2.25,-6.2,3,1148,1149,12/12/2019,136,21,-6.51,180,0,0,,0,1,0
404,3,1146,A1F3,1,sphere,-2.25,-0.75,-6.2,3,1148,1149,12/12/2019,136,21,-6.51,180,0,0,,1,0,0
405,4,1147,A1F3,0.5,sphere,-2.25,-0.75,-6.2,3,1148,1149,12/12/2019,136,21,-6.51,180,0,0,,1,0,0
406,7,1150,A1F3,1,sphere,1.75,0.75,-6.2,3,1154,1149,12/12/2019,136,21,-6.51,210,0.5,0,,-0.5,0,0
146,1,781,A12F1,1.5,sphere,2.25,-2.25,-6.5,1,785,786,03/12/2019,99,22,-6.51,0,0,0,,0,0,0
147,2,782,A12F1,1,sphere,2.25,-2.25,-6.7,1,785,786,03/12/2019,99,22,-6.51,15,0,0,,0,0,0
148,3,783,A12F1,1,sphere,-2.25,-0.75,-6.7,1,785,786,03/12/2019,99,22,-6.51,30,0,0,,0,0,0
149,4,784,A12F1,0.5,sphere,0.75,-3.75,-6.7,1,785,786,03/12/2019,99,22,-6.51,45,0,0,,0,0,0
150,7,787,A12F1,1.5,sphere,-1,-0.75,-6.5,1,791,786,03/12/2019,99,22,-6.51,-15,0,0.5,,0,0,0
151,8,788,A12F1,1.5,sphere,-0.75,-2.25,-6.5,1,791,786,03/12/2019,99,22,-6.51,-30,0,0.5,,0,0,0
152,9,789,A12F1,1,sphere,0.75,-3.75,-6.7,1,791,786,03/12/2019,99,22,-6.51,-45,0,0.5,,0,0,0
153,10,790,A12F1,0.5,sphere,-2.25,0.75,-6.7,1,791,786,03/12/2019,99,22,-6.51,-60,0,0.5,,0,0,0
154,1,792,A12F1,1.5,sphere,0.75,2.25,-6.5,1,796,797,03/12/2019,100,22,-6.51,90,-0.5,0,,0,0,0
155,2,793,A12F1,1,sphere,2.25,0.75,-6.7,1,796,797,03/12/2019,100,22,-6.51,105,-0.5,0,,0,0,0
156,3,794,A12F1,0.5,sphere,-0.75,2.25,-6.7,1,796,797,03/12/2019,100,22,-6.51,120,-0.5,0,,0,0,0
157,4,795,A12F1,0.5,sphere,-0.75,-3.75,-6.7,1,796,797,03/12/2019,100,22,-6.51,135,-0.5,0,,0,0,0
158,7,798,A12F1,1.5,sphere,-2.25,-2.25,-6.5,1,802,797,03/12/2019,100,22,-6.51,180,0,-0.5,,0,0,0
159,8,799,A12F1,1,sphere,2.25,-3.75,-6.7,1,802,797,03/12/2019,100,22,-6.51,195,0,-0.5,,0,0,0
160,9,800,A12F1,1,sphere,0.75,-2.25,-6.7,1,802,797,03/12/2019,100,22,-6.51,210,0,-0.5,,0,0,0
161,10,801,A12F1,0.5,sphere,2.25,-0.75,-6.7,1,802,797,03/12/2019,100,22,-6.51,225,0,-0.5,,0,0,0
162,1,803,A12F1,1.5,sphere,-0.75,0.75,-6.5,1,806,807,03/12/2019,101,22,-6.51,165,0,0,,0,0,0
163,2,804,A12F1,1,sphere,-0.75,0.75,-6.7,1,806,807,03/12/2019,101,22,-6.51,165,0,0,,0,0,0
164,3,805,A12F1,0.5,sphere,-0.75,0.75,-6.7,1,806,807,03/12/2019,101,22,-6.51,165,0,0,,0,0,0
407,8,1151,A1F3,1,sphere,0.75,-2.5,-5.7,3,1154,1149,12/12/2019,136,21,-6.51,240,0.5,0,,0,0.75,0
408,9,1152,A1F3,0.5,sphere,0.75,-2.5,-5.7,3,1154,1149,12/12/2019,136,21,-6.51,240,0.5,0,,0,0.75,0
409,10,1153,A1F3,0.5,sphere,-0.75,0.5,-5.7,3,1154,1149,12/12/2019,136,21,-6.51,240,0.5,0,,0,-2,0
410,1,1155,A1F3,1.5,sphere,-1.25,-0.75,-6,3,1159,1160,12/12/2019,137,21,-6.51,210,0,0.75,,-0.75,0,0
411,2,1156,A1F3,1,sphere,-2,-1,-6,3,1159,1160,12/12/2019,137,21,-6.51,210,0,0.75,,-0.75,0,0
412,3,1157,A1F3,0.5,sphere,-1,-2.5,-6,3,1159,1160,12/12/2019,137,21,-6.51,180,0,0.75,,0,0,0
413,4,1158,A1F3,0.5,sphere,-1,-2.5,-6,3,1159,1160,12/12/2019,137,21,-6.51,180,0,0.75,,0,0,0
414,7,1161,A1F3,1.5,sphere,-0.5,-2,-6,3,1165,1160,12/12/2019,137,21,-6.51,195,0,0,,0,1,0
415,8,1162,A1F3,1,sphere,-0.75,-1,-6,3,1165,1160,12/12/2019,137,21,-6.51,195,0,0,,0,1,0
416,9,1163,A1F3,0.5,sphere,0,2.3,-6,3,1165,1160,12/12/2019,137,21,-6.51,195,0,0,,0,-2,0
417,10,1164,A1F3,0.5,sphere,0,2.5,-6,3,1165,1160,12/12/2019,137,21,-6.51,195,0,0,,0,-2,0
418,1,1166,A1F3,1.5,sphere,-0.25,-3,-5,3,1169,1170,12/12/2019,138,21,-6.51,180,0,-0.5,,0,0.5,0
419,2,1167,A1F3,1,sphere,-0.25,-3,-5.5,3,1169,1170,12/12/2019,138,21,-6.51,180,0,-0.5,,0,0.5,0
420,3,1168,A1F3,0.5,sphere,-0.25,-3,-5.5,3,1169,1170,12/12/2019,138,21,-6.51,180,0,-0.5,,0,0.5,0
421,6,1171,A1F4,1.5,sphere,-0.75,1.75,-5,4,1175,1170,12/12/2019,138,21,-6.51,0,0,0,,0,0,1
422,7,1172,A1F4,1,sphere,-1.5,2,-5,4,1175,1170,12/12/2019,138,21,-6.51,0,0,0,,0,0,1
423,8,1173,A1F4,1,sphere,0.5,0,-5,4,1175,1170,12/12/2019,138,21,-6.51,0,0,0,,0,0,1
424,9,1174,A1F4,0.5,sphere,0.75,0.75,-5,4,1175,1170,12/12/2019,138,21,-6.51,0,0,0,,0,0,1
425,1,1176,A1F4,1.5,sphere,0,1.75,-5.5,4,1181,1182,12/12/2019,139,21,-6.51,180,0,0,,0,0,1
184,1,835,A16F1,1.5,sphere,-0.75,-3.75,-6.5,1,839,840,04/12/2019,105,22,-6.51,0,0,0,,0,0,
185,2,836,A16F1,1,sphere,0.75,-3.75,-6.7,1,839,840,04/12/2019,105,22,-6.51,30,0,0,,0,0,
186,3,837,A16F1,1,sphere,2.5,0.75,-6.7,1,839,840,04/12/2019,105,22,-6.51,45,0,0,,0,0,
187,4,838,A16F1,0.5,sphere,0.75,-3.75,-6.7,1,839,840,04/12/2019,105,22,-6.51,60,0,0,,0,0,
188,7,841,A16F1,1.5,sphere,2.25,0.75,-6.5,1,844,840,04/12/2019,105,22,-6.51,180,0.5,0,,0,0,
189,8,842,A16F1,1,sphere,-0.75,3.75,-6.7,1,844,840,04/12/2019,105,22,-6.51,195,0.5,0,,0,0,
190,9,843,A16F1,0.5,sphere,-0.75,-5.25,-6.7,1,844,840,04/12/2019,105,22,-6.51,225,0.5,0,,0,0,
191,1,845,A15F1,1.5,sphere,2.25,2.25,-6.5,1,849,850,04/12/2019,106,22,-6.51,0,0,0,,0,0,0
192,2,846,A15F1,1,sphere,3.75,0.75,-6.7,1,849,850,04/12/2019,106,22,-6.51,30,0,0,,0,0,0
193,3,847,A15F1,1,sphere,0.75,-2.25,-6.7,1,849,850,04/12/2019,106,22,-6.51,45,0,0,,0,0,0
194,4,848,A15F1,0.5,sphere,-2.25,-2.25,-6.7,1,849,850,04/12/2019,106,22,-6.51,90,0,0,,0,0,0
195,7,851,A15F1,1.5,sphere,-0.75,2.25,-6.5,1,854,850,04/12/2019,106,22,-6.51,180,0.5,0,,0,0,0
196,8,852,A15F1,1,sphere,-2.25,-2.25,-6.7,1,854,850,04/12/2019,106,22,-6.51,210,0.5,0,,0,0,0
197,9,853,A15F1,0.5,sphere,0.75,2.25,-6.7,1,854,850,04/12/2019,106,22,-6.51,225,0.5,0,,0,0,0
426,2,1177,A1F4,1,sphere,0.75,1.5,-5.5,4,1181,1182,12/12/2019,139,21,-6.51,180,0,0,,0,0,1
427,3,1178,A1F4,1,sphere,-1.25,0,-5.5,4,1181,1182,12/12/2019,139,21,-6.51,180,0,0,,0,0,1
428,4,1179,A1F4,0.5,sphere,1,1.5,-5.5,4,1181,1182,12/12/2019,139,21,-6.51,180,0,0,,0,0,1
429,5,1180,A1F4,0.5,sphere,-2,1.75,-5.5,4,1181,1182,12/12/2019,139,21,-6.51,180,0,0,,0,0,1
36,1,183,A2F1,1.5,sphere,-2.25,2.25,-6.5,1,186,187,27/09/2019,24,22,-6.51,0,0,0,,0,0,0
37,2,184,A2F1,1,sphere,-2.25,2.25,-6.7,1,186,187,27/09/2019,24,22,-6.51,0,0,0,,0,0,0
136,2,766,A2F1,1,sphere,-2.25,-0.75,-6.7,1,769,770,03/12/2019,97,22,-6.51,30,0,0,,0,0,0
137,3,767,A2F1,1,sphere,0.75,3.75,-6.7,1,769,770,03/12/2019,97,22,-6.51,45,0,0,,0,0,0
138,4,768,A2F1,0.5,sphere,-0.75,3.75,-6.7,1,769,770,03/12/2019,97,22,-6.51,60,0,0,,0,0,0
207,1,867,A12F2,1.5,sphere,-2.25,-0.75,-6.5,2,870,871,06/12/2019,108,22,-6.51,0,0,0,,0,0,0
208,2,868,A12F2,1,sphere,0.75,-3.75,-6.7,2,870,871,06/12/2019,108,22,-6.51,30,0,0,,0,0,0
209,3,869,A12F2,0.5,sphere,3.75,-0.75,-6.7,2,870,871,06/12/2019,108,22,-6.51,45,0,0,,0,0,0
210,6,872,A12F2,1.5,sphere,1.25,-0.75,-6.5,2,875,871,06/12/2019,108,22,-6.51,180,0,0.5,,0,0,0
211,7,873,A12F2,1,sphere,2.25,0.75,-6.7,2,875,871,06/12/2019,108,22,-6.51,225,0,0.5,,0,0,0
212,8,874,A12F2,0.5,sphere,-0.7,-2.25,-6.7,2,875,871,06/12/2019,108,22,-6.51,135,0,0.5,,0,0,0
213,1,876,A14F13,1.5,sphere,-0.75,-3.75,-6.5,3,880,881,06/12/2019,109,22,-6.51,0,0,0,,0,1,0
214,2,877,A14F13,1,sphere,0.75,-5.25,-6.7,3,880,881,06/12/2019,109,22,-6.51,30,0,0,,0,0,0
215,3,878,A14F13,1,sphere,2.25,-3.75,-6.7,3,880,881,06/12/2019,109,22,-6.51,45,0,0,,0,0,0
216,4,879,A14F13,0.5,sphere,-0.75,-5.25,-6.7,3,880,881,06/12/2019,109,22,-6.51,75,0,0,,0,0,0
217,7,882,A14F13,1.5,sphere,0.75,0,-5,3,885,881,06/12/2019,109,22,-6.51,180,0.5,0,,0,0,1
218,8,883,A14F13,1,sphere,1.5,0,-5,3,885,881,06/12/2019,109,22,-6.51,225,0.5,0,,0,0,1
219,9,884,A14F13,0.5,sphere,2.25,2,-5.5,3,885,881,06/12/2019,109,22,-6.51,135,0.5,0,,0,0,1
220,1,886,A15F2,1.5,sphere,2.25,2.25,-6.7,1,890,891,06/12/2019,110,22,-6.51,0,0,0,,0,0,0
221,2,887,A15F2,1,sphere,-3.75,-0.75,-6.5,1,890,891,06/12/2019,110,22,-6.51,30,0,0,,0,0,0
222,3,888,A15F2,1,sphere,0.75,2.25,-6.5,1,890,891,06/12/2019,110,22,-6.51,45,0,0,,0,0,0
223,4,889,A15F2,0.5,sphere,3.75,-2.25,-6.5,1,890,891,06/12/2019,110,22,-6.51,75,0,0,,0,0,0
224,7,892,A15F2,1.5,sphere,0.75,-2.25,-6.7,1,895,891,06/12/2019,110,22,-6.51,180,-0.5,0,,0,0,0
225,8,893,A15F2,1,sphere,-2.25,-3.75,-6.5,1,895,891,06/12/2019,110,22,-6.51,225,-0.5,0,,0,0,0
226,9,894,A15F2,0.5,sphere,-0.75,3.75,-6.5,1,895,891,06/12/2019,110,22,-6.51,240,-0.5,0,,0,0,0
139,7,771,A2F1,1.5,sphere,2.25,-0.75,-6.5,1,775,770,03/12/2019,97,22,-6.51,-15,0,0.5,,0,0,0
140,8,772,A2F1,1.5,sphere,-0.75,3.75,-6.5,1,775,770,03/12/2019,97,22,-6.51,-45,0,0.5,,0,0,0
141,9,773,A2F1,1,sphere,0.75,-2.25,-6.7,1,775,770,03/12/2019,97,22,-6.51,-60,0,0.5,,0,0,0
142,10,774,A2F1,0.5,sphere,-2.25,3.75,-6.7,1,775,770,03/12/2019,97,22,-6.51,-75,0,0.5,,0,0,0
143,1,776,A2F1,1,sphere,-0.75,-3.75,-6.7,1,779,780,03/12/2019,98,22,-6.51,-90,0.5,0,,0,0,0
144,2,777,A2F1,0.5,sphere,3.75,-2.25,-6.7,1,779,780,03/12/2019,98,22,-6.51,180,0.5,0,,0,0,0
145,3,778,A2F1,0.5,sphere,-0.75,0.75,-6.7,1,779,780,03/12/2019,98,22,-6.51,195,0.5,0,,0,0,0
234,1,906,A15F13,1.5,sphere,2.25,-2.25,-6.5,2,910,911,06/12/2019,112,22,-6.51,45,0,0,,0,1.5,0
235,2,907,A15F13,1,sphere,0.75,-2.25,-6.7,2,910,911,06/12/2019,112,22,-6.51,60,0,0,,0,1.5,0
236,3,908,A15F13,1,sphere,-0.75,3.75,-6.7,2,910,911,06/12/2019,112,22,-6.51,-45,0,0,,0,-1.5,0
237,4,909,A15F13,0.5,sphere,-0.75,3.75,-6.7,2,910,911,06/12/2019,112,22,-6.51,-45,0,0,,0,-1.5,0
38,3,185,A2F1,0.5,sphere,-2.25,2.25,-6.7,1,186,187,27/09/2019,24,22,-6.51,0,0,0,,0,0,0
135,1,765,A2F1,1.5,sphere,-0.75,2.25,-6.5,1,769,770,03/12/2019,97,22,-6.51,0,0,0,,0,0,0
70,2,670,A2F11,1,sphere,1.5,-0.75,-5,2,672,673,27/11/2019,86,22,-6.51,45,0,0,,0,0,1
71,3,671,A2F11,0.5,sphere,-0.75,0.75,-4.25,2,672,673,27/11/2019,86,22,-6.51,-45,0,0,,0,1.5,1
242,1,917,A16F2,1.5,sphere,-2.25,-2.25,-6.5,1,921,922,06/12/2019,113,22,-6.51,0,0,0,,0,0,0
243,2,918,A16F2,1,sphere,0.75,3.75,-6.7,1,921,922,06/12/2019,113,22,-6.51,30,0,0,,0,0,0
244,3,919,A16F2,1,sphere,2.25,2.25,-6.7,1,921,922,06/12/2019,113,22,-6.51,90,0,0,,0,0,0
245,4,920,A16F2,0.5,sphere,-2.25,-3.75,-6.7,1,921,922,06/12/2019,113,22,-6.51,45,0,0,,0,0,0
246,7,923,A16F2,1.5,sphere,-2.25,-3.75,-6.5,1,926,922,06/12/2019,113,22,-6.51,180,0,0,,0,0,0
247,8,924,A16F2,1,sphere,0.75,-5.25,-6.7,1,926,922,06/12/2019,113,22,-6.51,195,0,0,,0,0,0
248,9,925,A16F2,0.5,sphere,-0.75,-5.25,-6.7,1,926,922,06/12/2019,113,22,-6.51,225,0,0,,0,0,0
69,1,669,A2F11,1.5,sphere,0,-0.75,-5,2,672,673,27/11/2019,86,22,-6.51,0,0,0,,0,0,1
435,1,1191,A2F12,1.5,sphere,2.25,-2.25,-6.5,3,1195,1196,12/12/2019,141,22,-6.51,0,0,0,,0,0,0
436,2,1192,A2F12,1,sphere,2.25,-3.75,-6.7,3,1195,1196,12/12/2019,141,22,-6.51,15,0,0,,0,0,0
437,3,1193,A2F12,1,sphere,-3.75,-0.75,-6.7,3,1195,1196,12/12/2019,141,22,-6.51,30,0,0,,0,0,0
438,4,1194,A2F12,0.5,sphere,-3.75,-0.75,-6.7,3,1195,1196,12/12/2019,141,22,-6.51,30,0,0,,0,0,0
439,7,1197,A2F12,1.5,sphere,-2.25,2.25,-6.5,3,1200,1196,12/12/2019,141,22,-6.51,180,0,-0.5,,0,0,0
440,8,1198,A2F12,1,sphere,-2.25,2.25,-6.7,3,1200,1196,12/12/2019,141,22,-6.51,180,0,-0.5,,0,0,0
441,9,1199,A2F12,0.5,sphere,-2.25,2.25,-6.7,3,1200,1196,12/12/2019,141,22,-6.51,180,0,-0.5,,0,0,0
228,2,897,A2F13,1,sphere,0.75,-3.75,-6.5,3,900,901,06/12/2019,111,22,-6.51,30,0,0,,0,1.5,0
258,1,939,A14F14,1.5,sphere,2.25,-3.75,-6.5,4,943,944,07/12/2019,115,22,-6.51,45,0,0,,0,0,0
259,2,940,A14F14,1,sphere,-3,-0.75,-6.7,4,943,944,07/12/2019,115,22,-6.51,15,0,0,,0,0,0
260,3,941,A14F14,1,sphere,-2.25,-3.75,-6.7,4,943,944,07/12/2019,115,22,-6.51,-30,0,0,,0,0,0
261,4,942,A14F14,0.5,sphere,-0.75,-3.75,-6.7,4,943,944,07/12/2019,115,22,-6.51,-45,0,0,,0,0,0
262,7,945,A14F14,1.5,sphere,0.75,-4.5,-6.5,4,949,944,07/12/2019,115,22,-6.51,225,0.5,0,,0,0,0
263,8,946,A14F14,1.5,sphere,3.75,-0.75,-6.5,4,949,944,07/12/2019,115,22,-6.51,180,0.5,0,,-0.5,0,0
264,9,947,A14F14,1,sphere,3.75,-2.25,-6.7,4,949,944,07/12/2019,115,22,-6.51,195,0.5,0,,0,0,0
265,10,948,A14F14,0.5,sphere,0.75,-5.25,-6.7,4,949,944,07/12/2019,115,22,-6.51,210,0.5,0,,0,0,0
266,1,950,A14F14,1.5,sphere,0.25,1.25,-5,4,953,954,07/12/2019,116,22,-6.51,0,0,0,,0,0,1
267,2,951,A14F14,1,sphere,-0.5,-2.75,-5,4,953,954,07/12/2019,116,22,-6.51,15,0,0,,0,0,1
268,3,952,A14F14,0.5,sphere,0.75,1.5,-5.5,4,953,954,07/12/2019,116,22,-6.51,30,0,0,,0,0,1
269,6,955,A14F14,1.5,sphere,-0.5,2.25,-5,4,958,954,07/12/2019,116,22,-6.51,180,-0.5,0,,0,0,1
270,7,956,A14F14,1,sphere,0,2.25,-5,4,958,954,07/12/2019,116,22,-6.51,195,-0.5,0,,0,0,1
271,8,957,A14F14,0.5,sphere,1,2.5,-5.5,4,958,954,07/12/2019,116,22,-6.51,210,-0.5,0,,0,0,1
272,1,959,A16F14,1.5,sphere,2.25,-3.75,-6.5,3,963,964,07/12/2019,117,22,-6.51,30,0,0,,0,0,0
273,2,960,A16F14,1,sphere,-2.25,3.75,-6.7,3,963,964,07/12/2019,117,22,-6.51,15,0,0,,0,0,0
274,3,961,A16F14,1,sphere,0.75,-5.25,-6.7,3,963,964,07/12/2019,117,22,-6.51,45,0,0,,0,0,0
275,4,962,A16F14,0.5,sphere,-2.25,-3.75,-6.7,3,963,964,07/12/2019,117,22,-6.51,-15,0,0,,0,0,0
276,7,965,A16F14,1.5,sphere,2.25,-5.25,-6.5,3,969,964,07/12/2019,117,22,-6.51,195,0.5,0,,0,0,0
277,8,966,A16F14,1.5,sphere,0.75,3.75,-6.5,3,969,964,07/12/2019,117,22,-6.51,150,0.5,0,,0,0,0
278,9,967,A16F14,1,sphere,2.25,3.75,-6.7,3,969,964,07/12/2019,117,22,-6.51,165,0.5,0,,0,0,0
279,10,968,A16F14,0.5,sphere,3.75,2.25,-6.7,3,969,964,07/12/2019,117,22,-6.51,180,0.5,0,,0,0,0
280,1,970,A16F14,1.5,sphere,1,1.5,-5,3,973,974,07/12/2019,118,22,-6.51,15,0.5,0,,0,0,1
281,2,971,A16F14,1,sphere,0.75,1.5,-5,3,973,974,07/12/2019,118,22,-6.51,30,0.5,0,,0,0,1
282,3,972,A16F14,0.5,sphere,0.75,0.75,-5.5,3,973,974,07/12/2019,118,22,-6.51,45,0.5,0,,0,0,1
283,6,975,A16F14,1.5,sphere,0.25,-0.5,-5,3,978,974,07/12/2019,118,22,-6.51,195,0,0,,0,0,1
284,7,976,A16F14,1,sphere,-0.25,-1,-5,3,978,974,07/12/2019,118,22,-6.51,210,0,0,,0,0,1
285,8,977,A16F14,0.5,sphere,1.75,-0.75,-5.5,3,978,974,07/12/2019,118,22,-6.51,165,0,0,,0,0,1
286,1,979,A15F14,1.5,sphere,-3.75,-2.25,-6.5,3,983,984,07/12/2019,119,22,-6.51,0,0,0,,0,0,0
287,2,980,A15F14,1,sphere,-3.75,-0.75,-6.7,3,983,984,07/12/2019,119,22,-6.51,15,0,0,,0,0,0
288,3,981,A15F14,1,sphere,-0.75,3.25,-6.7,3,983,984,07/12/2019,119,22,-6.51,45,0,0,,0,0,0
289,4,982,A15F14,0.5,sphere,-0.75,3.75,-6.7,3,983,984,07/12/2019,119,22,-6.51,60,0,0,,0,0,0
290,7,985,A15F14,1.5,sphere,-2.25,-2.25,-6.5,3,989,984,07/12/2019,119,22,-6.51,180,-0.5,0,,0.5,0,0
291,8,986,A15F14,1.5,sphere,-2.25,0.75,-6.5,3,989,984,07/12/2019,119,22,-6.51,195,-0.5,0,,0.5,0,0
292,9,987,A15F14,1,sphere,3.75,-0.75,-6.7,3,989,984,07/12/2019,119,22,-6.51,195,-0.5,0,,0,0,0
293,10,988,A15F14,0.5,sphere,3.75,-0.75,-6.7,3,989,984,07/12/2019,119,22,-6.51,195,-0.5,0,,0,0,0
294,1,990,A15F14,1.5,sphere,0.75,-0.75,-5,3,993,994,07/12/2019,120,22,-6.51,180,0,0,,0,0,1
295,2,991,A15F14,1,sphere,1.25,1.75,-5,3,993,994,07/12/2019,120,22,-6.51,195,0,0,,0,0,1
296,3,992,A15F14,0.5,sphere,0.75,-0.75,-5.5,3,993,994,07/12/2019,120,22,-6.51,210,0,0,,0,0,1
297,6,995,A15F14,1.5,sphere,0.75,1.5,-5,3,998,994,07/12/2019,120,22,-6.51,0,0,0,,0,0,1
298,7,996,A15F14,1,sphere,-0.75,-2.75,-5,3,998,994,07/12/2019,120,22,-6.51,15,0,0,,0,0,1
299,8,997,A15F14,0.5,sphere,-0.75,-2.25,-5.5,3,998,994,07/12/2019,120,22,-6.51,30,0,0,,0,0,1
300,1,999,A11F3,1.5,sphere,0.75,-3.75,-6.5,2,1003,1004,09/12/2019,121,22,-6.51,30,0,0,,0,1.5,0
301,2,1000,A11F3,1,sphere,-0.75,-3.75,-6.7,2,1003,1004,09/12/2019,121,22,-6.51,45,0,0,,0,1.5,0
302,3,1001,A11F3,1,sphere,-0.75,0.75,-6.7,2,1003,1004,09/12/2019,121,22,-6.51,45,0,0,,2,0,0
303,4,1002,A11F3,0.5,sphere,0.75,-3.75,-6.7,2,1003,1004,09/12/2019,121,22,-6.51,45,0,0,,0,1.5,0
304,7,1005,A11F3,1.5,sphere,0.75,-2.25,-6.5,2,1009,1004,09/12/2019,121,22,-6.51,210,0.5,0,,0,1.5,0
305,8,1006,A11F3,1,sphere,0.75,-2.25,-6.7,2,1009,1004,09/12/2019,121,22,-6.51,210,0.5,0,,0,1.5,0
306,9,1007,A11F3,1,sphere,-0.75,-3.75,-6.7,2,1009,1004,09/12/2019,121,22,-6.51,225,0.5,0,,0,1.5,0
307,10,1008,A11F3,0.5,sphere,-0.75,-2.25,-6.7,2,1009,1004,09/12/2019,121,22,-6.51,240,0.5,0,,0,1.5,0
308,1,1010,A11F3,1.5,sphere,-0.75,-2.25,-6.5,2,1013,1014,09/12/2019,122,22,-6.51,-15,0,0.5,,0,0,0
309,2,1011,A11F3,1,sphere,-0.75,-0.75,-6.7,2,1013,1014,09/12/2019,122,22,-6.51,-30,0,0.5,,0,1.5,0
310,3,1012,A11F3,0.5,sphere,-0.75,-0.75,-6.7,2,1013,1014,09/12/2019,122,22,-6.51,-30,0,0.5,,0,1.5,0
311,6,1015,A11F3,1.5,sphere,1.75,-2.25,-6.5,2,1018,1014,09/12/2019,122,22,-6.51,210,0,0,,0,1.5,0
312,7,1016,A11F3,1,sphere,1.75,-2.25,-6.7,2,1018,1014,09/12/2019,122,22,-6.51,210,0,0,,0,1.5,0
313,8,1017,A11F3,0.5,sphere,1.75,-2.25,-6.7,2,1018,1014,09/12/2019,122,22,-6.51,210,0,0,,0,1.5,0
314,1,1019,A11F12,1.5,sphere,0.75,-3.75,-6.7,4,1024,1025,09/12/2019,123,22,-6.51,15,0,0,,0,1,0
315,2,1020,A11F12,1,sphere,0.75,-3.75,-6.5,4,1024,1025,09/12/2019,123,22,-6.51,15,0,0,,0,1,0
316,3,1021,A11F12,1.5,sphere,0.25,-0.5,-5.5,4,1024,1025,09/12/2019,123,22,-6.51,0,0,0,,0,0,1
317,4,1022,A11F12,1,sphere,1.5,0.75,-5.5,4,1024,1025,09/12/2019,123,22,-6.51,15,0,0,,0,0,1
318,5,1023,A11F12,0.5,sphere,0.75,-5.25,-6.7,4,1024,1025,09/12/2019,123,22,-6.51,15,0,0,,0,0,0
229,3,898,A2F13,1,sphere,-3.25,2.25,-6.5,3,900,901,06/12/2019,111,22,-6.51,45,0,0,,0,0,0
230,4,899,A2F13,0.5,sphere,0.75,-3.75,-6.5,3,900,901,06/12/2019,111,22,-6.51,60,0,0,,0,0,0
231,7,902,A2F13,1.5,sphere,1.5,0.75,-5,3,905,901,06/12/2019,111,22,-6.51,180,0,0,,0,0,1
232,8,903,A2F13,1,sphere,0.75,0,-5,3,905,901,06/12/2019,111,22,-6.51,225,0,0,,0,0,1
323,7,1032,A14F11,1.5,sphere,2.25,-3.75,-6.5,2,1036,1031,10/12/2019,124,22,-6.51,0,0.5,0,,0,0,0
324,8,1033,A14F11,1,sphere,-0.75,-3.75,-6.7,2,1036,1031,10/12/2019,124,22,-6.51,30,0.5,0,,0,0,0
325,9,1034,A14F11,1,sphere,-2.25,-2.25,-6.7,2,1036,1031,10/12/2019,124,22,-6.51,75,0.5,0,,0,0,0
326,10,1035,A14F11,0.5,sphere,2.25,-3.75,-6.7,2,1036,1031,10/12/2019,124,22,-6.51,90,0.5,0,,0,0,0
327,1,1037,A12F3,1.5,sphere,-1.75,-2.25,-6.5,2,1040,1041,12/10/2019,125,22,-6.51,0,0,0,,0,0,0
328,2,1038,A12F3,1,sphere,0.75,-3.75,-6.7,2,1040,1041,12/10/2019,125,22,-6.51,45,0,0,,0,0,0
329,3,1039,A12F3,0.5,sphere,2.25,-2.25,-6.7,2,1040,1041,12/10/2019,125,22,-6.51,75,0,0,,0,0,0
330,6,1042,A12F3,1.5,sphere,-0.75,-2.75,-6.5,2,1045,1041,12/10/2019,125,22,-6.51,135,-0.5,0,,0,0,0
331,7,1043,A12F3,1,sphere,-2.25,-2.25,-6.7,2,1045,1041,12/10/2019,125,22,-6.51,150,-0.5,0,,0,0,0
332,8,1044,A12F3,0.5,sphere,-2.25,-3.75,-6.7,2,1045,1041,12/10/2019,125,22,-6.51,180,-0.5,0,,0,0,0
333,1,1046,A13F3,1.5,sphere,-2.25,-2.25,-6.5,2,1051,1052,10/12/2019,126,22,-6.51,0,0,0,,0,0,0
334,2,1047,A13F3,1,sphere,-0.75,-3.75,-6.7,2,1051,1052,10/12/2019,126,22,-6.51,30,0,0,,0,0,0
335,3,1048,A13F3,1,sphere,2.25,-2.25,-6.7,2,1051,1052,10/12/2019,126,22,-6.51,75,0,0,,0,0,0
336,4,1049,A13F3,0.5,sphere,2.25,-3.75,-6.7,2,1051,1052,10/12/2019,126,22,-6.51,90,0,0,,0,0,0
337,5,1050,A13F3,0.5,sphere,0.75,3.75,-6.7,2,1051,1052,10/12/2019,126,22,-6.51,-30,0,0,,0,0,0
338,8,1053,A16F3,1,sphere,2.25,2.25,-6.7,2,1055,1052,10/12/2019,126,22,-6.51,0,0,0,,0,0,0
339,9,1054,A16F3,0.5,sphere,0.75,-5.25,-6.7,2,1055,1052,10/12/2019,126,22,-6.51,45,0,0,,0,0,0
340,1,1056,A11F11,1.5,sphere,1.25,-2.25,-6.5,3,1060,1061,10/12/2019,127,22,-6.51,45,0,0,,0,0,0
341,2,1057,A11F11,1.5,sphere,-0.75,-2.25,-6.5,3,1060,1061,10/12/2019,127,22,-6.51,15,0,0,,0,1.5,0
342,3,1058,A11F11,1.5,sphere,0.75,-2.25,-6.5,3,1060,1061,10/12/2019,127,22,-6.51,30,0,0,,0,1.5,0
343,4,1059,A11F11,1,sphere,0.75,-2.25,-6.7,3,1060,1061,10/12/2019,127,22,-6.51,30,0,0,,0,1.5,0
344,7,1062,A11F11,1,sphere,2.25,-2.25,-6.7,3,1066,1061,10/12/2019,127,22,-6.51,180,0,0.5,,0,0,0
345,8,1063,A11F11,1,sphere,-0.75,-3.75,-6.7,3,1066,1061,10/12/2019,127,22,-6.51,210,0,0.5,,0,0,0
346,9,1064,A11F11,1,sphere,-0.75,-2.25,-6.7,3,1066,1061,10/12/2019,127,22,-6.51,150,0,0.5,,0,1.5,0
347,10,1065,A11F11,0.5,sphere,-0.75,-2.25,-6.7,3,1066,1061,10/12/2019,127,22,-6.51,150,0,0.5,,0,1.5,0
348,1,1067,A16F5,1.5,sphere,0.75,-5.25,-6.5,4,1071,1072,11/12/2019,128,22,-6.51,30,0,0,,0,1.5,0
349,2,1068,A16F5,1,sphere,-0.75,-5.25,-6.7,4,1071,1072,11/12/2019,128,22,-6.51,30,0,0,,0,1.5,0
350,3,1069,A16F5,1,sphere,2.25,3.75,-6.7,4,1071,1072,11/12/2019,128,22,-6.51,0,0,0,,0,-1.5,0
351,4,1070,A16F5,0.5,sphere,2.25,3.75,-6.7,4,1071,1072,11/12/2019,128,22,-6.51,0,0,0,,0,-1.5,0
352,7,1073,A16F5,1.5,sphere,-0.75,3.75,-6.5,4,1077,1072,11/12/2019,128,22,-6.51,30,0.5,0,,0,-1,0
353,8,1074,A16F5,1,sphere,-0.75,3.75,-6.7,4,1077,1072,11/12/2019,128,22,-6.51,30,0.5,0,,0,-1,0
354,9,1075,A16F5,1,sphere,2.25,-5.25,-6.7,4,1077,1072,11/12/2019,128,22,-6.51,15,0.5,0,,0,1.5,0
355,10,1076,A16F5,0.5,sphere,2.25,-5.25,-6.7,4,1077,1072,11/12/2019,128,22,-6.51,15,0.5,0,,0,1.5,0
356,1,1078,A16F5,1.5,sphere,1.25,0.25,-5.75,4,1081,1082,11/12/2019,129,22,-6.51,0,0,0,,0,0,1
357,2,1079,A16F5,1,sphere,1.75,0.25,-6.7,4,1081,1082,11/12/2019,129,22,-6.51,15,0,0,,0,0,1
358,3,1080,A16F5,0.5,sphere,2.25,1.25,-6.7,4,1081,1082,11/12/2019,129,22,-6.51,30,0,0,,0,0,1
359,6,1083,A16F5,1.5,sphere,1.75,1.75,-5.75,4,1086,1082,11/12/2019,129,22,-6.51,15,-0.5,0,,0,1.5,1
360,7,1084,A16F5,1,sphere,1.75,1.75,-6.7,4,1086,1082,11/12/2019,129,22,-6.51,30,-0.5,0,,0,1.5,1
361,8,1085,A16F5,0.5,sphere,2.25,2,-6.7,4,1086,1082,11/12/2019,129,22,-6.51,30,-0.5,0,,0,1.5,1
362,1,1087,A15F5,1.5,sphere,0.75,-3.75,-6.5,4,1091,1092,11/12/2019,130,22,-6.51,45,0,0,,-0.5,1.5,0
363,2,1088,A15F5,1,sphere,0.75,-3.75,-6.7,4,1091,1092,11/12/2019,130,22,-6.51,45,0,0,,-0.5,1.5,0
364,3,1089,A15F5,1,sphere,-2.75,2.25,-6.7,4,1091,1092,11/12/2019,130,22,-6.51,-15,0,0,,0,0,0
365,4,1090,A15F5,0.5,sphere,-3.75,2.25,-6.7,4,1091,1092,11/12/2019,130,22,-6.51,-15,0,0,,0,0,0
366,7,1093,A15F5,1.5,sphere,3.75,-2.25,-6.5,4,1097,1092,11/12/2019,130,22,-6.51,0,0.5,0,,-1.75,0,0
367,8,1094,A15F5,1,sphere,3.75,-2.25,-6.7,4,1097,1092,11/12/2019,130,22,-6.51,0,0.5,0,,-1.75,0,0
368,9,1095,A15F5,1,sphere,3.75,2.25,-6.7,4,1097,1092,11/12/2019,130,22,-6.51,0,0.5,0,,-1.75,0,0
369,10,1096,A15F5,0.5,sphere,3.75,2.25,-6.7,4,1097,1092,11/12/2019,130,22,-6.51,0,0.5,0,,-1.75,0,0
370,1,1098,A15F5,1.5,sphere,1.75,1,-5.5,4,1101,1102,11/12/2019,131,22,-6.51,0,0.5,0,,0,0,1
371,2,1099,A15F5,1,sphere,2.25,1.25,-6.7,4,1101,1102,11/12/2019,131,22,-6.51,15,0.5,0,,0,0,1
372,3,1100,A15F5,0.5,sphere,3.25,1.75,-6.7,4,1101,1102,11/12/2019,131,22,-6.51,30,0.5,0,,0,0,1
373,6,1103,A15F5,1.5,sphere,0.75,2.25,-5.5,4,1106,1102,11/12/2019,131,22,-6.51,0,0,0,,0,0,1
374,7,1104,A15F5,1,sphere,-1.75,1.75,-6.3,4,1106,1102,11/12/2019,131,22,-6.51,-15,0,0,,0,0,1
375,8,1105,A15F5,0.5,sphere,1.75,2.25,-6.7,4,1106,1102,11/12/2019,131,22,-6.51,-15,0,0,,0,0,1
233,9,904,A2F13,0.5,sphere,1.25,0,-5.5,3,905,901,06/12/2019,111,22,-6.51,240,0,0,,0,0,1
227,1,896,A2F13,1.5,sphere,-2.25,-2.25,-6.7,3,900,901,06/12/2019,111,22,-6.51,0,0,0,,0,1.5,0
442,1,1201,A2F14,1.5,sphere,-3.75,-1,-6.5,4,1205,1206,12/12/2019,142,22,-6.51,180,0,0,,1,0,0
443,2,1202,A2F14,1,sphere,-3.75,-1,-6.7,4,1205,1206,12/12/2019,142,22,-6.51,180,0,0,,0,0,0
444,3,1203,A2F14,1,sphere,-2.25,2.25,-6.7,4,1205,1206,12/12/2019,142,22,-6.51,195,0,0,,0,0,0
445,4,1204,A2F14,0.5,sphere,-2.25,2.25,-6.7,4,1205,1206,12/12/2019,142,22,-6.51,195,0,0,,0,0,0
469,1,1239,A2F14,1.5,sphere,-2.25,-2.25,-6.5,4,1242,1243,13/12/2019,146,22,-6.51,15,0,0,,0,1,0
470,2,1240,A2F14,1,sphere,-2.25,-2.25,-6.7,4,1242,1243,13/12/2019,146,22,-6.51,15,0,0,,0,1,0
471,3,1241,A2F14,0.5,sphere,-2.25,-2.25,-6.7,4,1242,1243,13/12/2019,146,22,-6.51,15,0,0,,0,1,0
239,8,913,A2F2,1,sphere,0.75,3.75,-6.7,2,916,911,06/12/2019,112,22,-6.51,45,0,0,,0,0,0
240,9,914,A2F2,1,sphere,-2.25,2.25,-6.7,2,916,911,06/12/2019,112,22,-6.51,90,0,0,,0,0,0
241,10,915,A2F2,0.5,sphere,-3.75,-0.75,-6.7,2,916,911,06/12/2019,112,22,-6.51,-45,0,0,,0,0,0
238,7,912,A2F2,1.5,sphere,-2.25,-0.75,-6.5,2,916,911,06/12/2019,112,22,-6.51,0,0,0,,0,0,0
320,2,1027,A2F3,1,sphere,3.75,0.75,-6.7,2,1030,1031,10/12/2019,124,22,-6.51,30,0,0,,0,0,0
321,3,1028,A2F3,1,sphere,0.75,-3.75,-6.7,2,1030,1031,10/12/2019,124,22,-6.51,60,0,0,,0,0,0
322,4,1029,A2F3,0.5,sphere,-2.25,2.25,-6.7,2,1030,1031,10/12/2019,124,22,-6.51,90,0,0,,0,0,0
319,1,1026,A2F3,1.5,sphere,2.25,2.25,-6.5,2,1030,1031,10/12/2019,124,22,-6.51,0,0,0,,0,0,0
431,2,1184,A2F4,1,sphere,3.75,0.75,-6.7,2,1186,1187,12/12/2019,140,22,-6.51,0,0,0,,0,0,0
430,1,1183,A2F4,1.5,sphere,-2.25,-0.75,-6.5,2,1186,1187,12/12/2019,140,22,-6.51,-30,0,0,,0,2,0
432,3,1185,A2F4,0.5,sphere,3.75,-0.75,-6.7,2,1186,1187,12/12/2019,140,22,-6.51,15,0,0,,0,0,0
395,6,1134,A2F5,1.5,sphere,2.25,-2.25,-6.5,4,1137,1133,11/12/2019,134,22,-6.51,180,0,0,,0,0.75,0
396,7,1135,A2F5,1,sphere,2.25,-2.25,-6.7,4,1137,1133,11/12/2019,134,22,-6.51,180,0,0,,0,0.75,0
397,8,1136,A2F5,0.5,sphere,2.25,-2.25,-6.7,4,1137,1133,11/12/2019,134,22,-6.51,180,0,0,,0,0.75,0
398,1,1138,A2F5,1.5,sphere,-1.75,-1,-5.5,4,1142,1143,11/12/2019,135,22,-6.51,180,0,0,,0,0,1
399,2,1139,A2F5,1,sphere,-1.75,-1,-6.7,4,1142,1143,11/12/2019,135,22,-6.51,180,0,0,,0,0,1
400,3,1140,A2F5,1,sphere,-1,-1.5,-6.7,4,1142,1143,11/12/2019,135,22,-6.51,180,0,0,,0,-1,1
401,4,1141,A2F5,0.5,sphere,-1,-1.5,-6.7,4,1142,1143,11/12/2019,135,22,-6.51,180,0,0,,0,-1,1
199,2,856,A3F1,1.5,sphere,3,0.75,-6.5,1,860,861,04/12/2019,107,23,-6.51,30,0,0,,0,0,0
200,3,857,A3F1,1,sphere,0.75,-3.75,-6.7,1,860,861,04/12/2019,107,23,-6.51,45,0,0,,0,0,0
201,4,858,A3F1,1,sphere,0.75,2.25,-6.7,1,860,861,04/12/2019,107,23,-6.51,75,0,0,,0,0,0
202,5,859,A3F1,0.5,sphere,-2.25,-3.75,-6.7,1,860,861,04/12/2019,107,23,-6.51,90,0,0,,0,0,0
203,8,862,A3F1,1.5,sphere,0.75,-2.25,-6.5,1,866,861,04/12/2019,107,23,-6.51,180,-0.5,0,,0,0,0
204,9,863,A3F1,1,sphere,-2.25,2.25,-6.7,1,866,861,04/12/2019,107,23,-6.51,195,-0.5,0,,0,0,0
205,10,864,A3F1,0.5,sphere,2.25,0.75,-6.7,1,866,861,04/12/2019,107,23,-6.51,225,-0.5,0,,0,0,0
206,11,865,A3F1,0.5,sphere,0.75,3.75,-6.7,1,866,861,04/12/2019,107,23,-6.51,240,-0.5,0,,0,0,0
198,1,855,A3F1,1.5,sphere,-2.25,-3.75,-6.5,1,860,861,04/12/2019,107,23,-6.51,0,0,0,,0,0,0
475,1,1248,A3F11,1.5,sphere,2.25,2.25,-6.5,2,1251,1252,13/12/2019,147,22,-6.51,0,0,0,,0,0,0
476,2,1249,A3F11,1,sphere,2.25,2.25,-6.7,2,1251,1252,13/12/2019,147,22,-6.51,0,0,0,,0,0,0
477,3,1250,A3F11,0.5,sphere,2.25,2.25,-6.7,2,1251,1252,13/12/2019,147,22,-6.51,0,0,0,,0,0,0
42,2,629,A3F12,1,sphere,-2.25,-3.75,-6.7,2,631,632,26/11/2019,81,23,-6.51,-15,0,0,,0,0,0
43,3,630,A3F12,0.5,sphere,0.75,3.75,-6.7,2,631,632,26/11/2019,81,23,-6.51,,0,0,,0,0,0
41,1,628,A3F12,1.5,sphere,2.25,-2.25,-6.5,2,631,632,26/11/2019,81,23,-6.51,0,0,0,,0,0,0
48,1,638,A3F13,1.5,sphere,0.75,-3.75,-6.5,2,642,643,26/11/2019,82,23,-6.51,45,-0.5,0,,0,0,0
50,3,640,A3F13,1,sphere,0.75,5.25,-6.7,2,642,643,26/11/2019,82,23,-6.51,-45,-0.5,0,,0,0,0
51,4,641,A3F13,0.5,sphere,-2.25,3.75,-6.7,2,642,643,26/11/2019,82,23,-6.51,-90,-0.5,0,,0,0,0
49,2,639,A3F13,1,sphere,-0.25,-3.75,-6.7,2,642,643,26/11/2019,82,23,-6.51,0,-0.5,0,,0,0,0
472,6,1244,A3F14,1.5,sphere,2.25,-3.75,-6.5,2,1247,1243,13/12/2019,146,22,-6.51,30,0,0,,0,0,0
473,7,1245,A3F14,1,sphere,2.25,-3.75,-6.7,2,1247,1243,13/12/2019,146,22,-6.51,30,0,0,,0,0,0
474,8,1246,A3F14,0.5,sphere,2.25,-3.75,-6.7,2,1247,1243,13/12/2019,146,22,-6.51,30,0,0,,0,0,0
250,2,928,A3F2,nt,sphere,-2.25,-0.75,-6.5,1,932,933,06/12/2019,114,22,-6.51,30,0,0,,0,0,0
251,3,929,A3F2,1,sphere,-0.75,3.75,-6.7,1,932,933,06/12/2019,114,22,-6.51,45,0,0,,0,0,0
252,4,930,A3F2,1,sphere,2.25,2.25,-6.7,1,932,933,06/12/2019,114,22,-6.51,75,0,0,,0,0,0
253,5,931,A3F2,0.5,sphere,3.75,3.75,-6.7,1,932,933,06/12/2019,114,22,-6.51,90,0,0,,0,0,0
254,8,934,A3F2,1.5,sphere,2.25,-3.75,-6.5,1,938,933,06/12/2019,114,22,-6.51,180,0.5,0,,0,0,0
255,9,935,A3F2,1,sphere,2.25,-3.75,-6.7,1,938,933,06/12/2019,114,22,-6.51,210,0.5,0,,0,0,0
256,10,936,A3F2,0.5,sphere,-0.75,3.75,-6.7,1,938,933,06/12/2019,114,22,-6.51,225,0.5,0,,0,0,0
257,11,937,A3F2,0.5,sphere,-2.25,-2.25,-6.7,1,938,933,06/12/2019,114,22,-6.51,165,0.5,0,,0,0,0
433,6,1188,A16F4,1.5,sphere,-2.25,3.75,-6.5,2,1190,1187,12/12/2019,140,22,-6.51,180,0,0,,0,0,0
434,7,1189,A16F4,1,sphere,3.75,-0.75,-6.7,2,1190,1187,12/12/2019,140,22,-6.51,195,0,0,,0,0,0
249,1,927,A3F2,1.5,sphere,0.75,-3.75,-6.5,1,932,933,06/12/2019,114,22,-6.51,0,0,0,,0,0,0
494,1,1276,A3F3,1.5,sphere,-2.25,-1,-6.5,2,1279,1280,13/12/2019,150,22,-6.51,180,0,0,,0,0,0
495,2,1277,A3F3,1,sphere,2.25,2.25,-6.7,2,1279,1280,13/12/2019,150,22,-6.51,195,0,0,,0,0,0
496,3,1278,A3F3,0.5,sphere,-2.25,-0.75,-6.7,2,1279,1280,13/12/2019,150,22,-6.51,210,0,0,,0,0,0
489,1,1268,A3F4,1.5,sphere,-2.25,-3.75,-6.5,2,1271,1272,13/12/2019,149,22,-6.51,-45,0,0,,0,0,0
490,2,1269,A3F4,1,sphere,-2.25,-3.75,-6.7,2,1271,1272,13/12/2019,149,22,-6.51,-45,0,0,,0,0,0
491,3,1270,A3F4,0.5,sphere,-2.25,-3.75,-6.7,2,1271,1272,13/12/2019,149,22,-6.51,-45,0,0,,0,0,0
376,1,1107,A3F5,1.5,sphere,0.75,-5.25,-6.5,4,1111,1112,11/12/2019,132,22,-6.51,15,0,0,,0,1.5,0
377,2,1108,A3F5,1,sphere,0.75,-5.25,-6.7,4,1111,1112,11/12/2019,132,22,-6.51,15,0,0,,0,1.5,0
378,3,1109,A3F5,1,sphere,-2.25,-3.75,-6.7,4,1111,1112,11/12/2019,132,22,-6.51,-15,0,0,,0,1.5,0
379,4,1110,A3F5,0.5,sphere,-2.25,-3.75,-6.7,4,1111,1112,11/12/2019,132,22,-6.51,-15,0,0,,0,1.5,0
446,1,1207,A12F13,1.5,sphere,-2.25,-2.25,-6.5,4,1211,1212,13/12/2019,143,22,-6.51,15,0,0,,1,0,0
447,2,1208,A12F13,1,sphere,-2.25,-2.25,-6.7,4,1211,1212,13/12/2019,143,22,-6.51,15,0,0,,1,0,0
448,3,1209,A12F13,1,sphere,2.25,-2.25,-6.7,4,1211,1212,13/12/2019,143,22,-6.51,15,0,0,,-0.75,0,0
449,4,1210,A12F13,0.5,sphere,2.25,-2.25,-6.7,4,1211,1212,13/12/2019,143,22,-6.51,15,0,0,,-0.75,0,0
450,7,1213,A12F13,1.5,sphere,-1.5,-3.75,-6.5,4,1217,1212,13/12/2019,143,22,-6.51,195,0,-0.5,,1,0,0
451,8,1214,A12F13,1,sphere,-0.75,-3.75,-6.7,4,1217,1212,13/12/2019,143,22,-6.51,195,0,-0.5,,1,0,0
452,9,1215,A12F13,1,sphere,3.25,-0.75,-6.7,4,1217,1212,13/12/2019,143,22,-6.51,165,0,-0.5,,-1,0,0
453,10,1216,A12F13,0.5,sphere,3.75,-0.75,-6.7,4,1217,1212,13/12/2019,143,22,-6.51,165,0,-0.5,,-1,0,0
454,1,1218,A12F13,1.5,sphere,3.75,0.5,-6.5,4,1222,1223,13/12/2019,144,22,-6.51,-30,0.5,0,,-1.5,0,0
455,2,1219,A12F13,1,sphere,3.75,0.75,-6.7,4,1222,1223,13/12/2019,144,22,-6.51,-30,0.5,0,,-1.5,0,0
456,3,1220,A12F13,1,sphere,-2.25,-0.75,-6.7,4,1222,1223,13/12/2019,144,22,-6.51,-15,0.5,0,,1,0,0
457,4,1221,A12F13,0.5,sphere,-2.25,-0.75,-6.7,4,1222,1223,13/12/2019,144,22,-6.51,-15,0.5,0,,1,0,0
458,7,1224,A12F13,1.5,sphere,-1.75,1.75,-5.5,4,1228,1223,13/12/2019,144,22,-6.51,15,0,0,,0,0,1
459,8,1225,A12F13,1,sphere,-2,2,-5.7,4,1228,1223,13/12/2019,144,22,-6.51,15,0,0,,0,0,1
460,9,1226,A12F13,1,sphere,1.75,0.75,-5.7,4,1228,1223,13/12/2019,144,22,-6.51,45,0,0,,0,0,1
461,10,1227,A12F13,0.5,sphere,1.5,0.75,-5.7,4,1228,1223,13/12/2019,144,22,-6.51,45,0,0,,0,0,1
462,1,1229,A12F13,1.5,sphere,1,-2.25,-5.5,4,1231,1232,13/12/2019,145,22,-6.51,180,-0.5,0,,0,0,1
463,2,1230,A12F13,0.5,sphere,2.25,-1,-5.5,4,1231,1232,13/12/2019,145,22,-6.51,180,-0.5,0,,0,0,1
464,5,1233,A11F14,1.5,sphere,1.25,1,-5.5,4,1238,1232,13/12/2019,145,22,-6.51,0,0,0,,0,0,1
465,6,1234,A11F14,1,sphere,1.5,1,-5.7,4,1238,1232,13/12/2019,145,22,-6.51,0,0,0,,0,0,1
466,7,1235,A11F14,1,sphere,-0.5,-2.75,-5.7,4,1238,1232,13/12/2019,145,22,-6.51,15,0,0,,0,0,1
467,8,1236,A11F14,0.5,sphere,0.75,-1.5,-5.7,4,1238,1232,13/12/2019,145,22,-6.51,15,0,0,,0,0,1
468,9,1237,A11F14,0.5,sphere,0,1.5,-5.7,4,1238,1232,13/12/2019,145,22,-6.51,0,0,0,,0,0,1
380,7,1113,A3F5,1.5,sphere,2.25,-3.75,-6.5,4,1117,1112,11/12/2019,132,22,-6.51,180,0,0,,0,0,0
381,8,1114,A3F5,1,sphere,2.25,-3.75,-6.7,4,1117,1112,11/12/2019,132,22,-6.51,180,0,0,,0,0,0
382,9,1115,A3F5,1,sphere,2.25,-5.25,-6.7,4,1117,1112,11/12/2019,132,22,-6.51,195,0,0,,0,0,0
383,10,1116,A3F5,0.5,sphere,2.25,-5.25,-6.7,4,1117,1112,11/12/2019,132,22,-6.51,195,0,0,,0,0,0
384,1,1118,A3F5,1.5,sphere,-0.75,3.75,-6.5,4,1122,1123,11/12/2019,133,22,-6.51,15,0.5,0,,0,0,0
385,2,1119,A3F5,1,sphere,-0.75,3.75,-6.7,4,1122,1123,11/12/2019,133,22,-6.51,15,0.5,0,,0,0,0
386,3,1120,A3F5,1,sphere,2.25,3.75,-6.7,4,1122,1123,11/12/2019,133,22,-6.51,30,0.5,0,,0,0,0
387,4,1121,A3F5,0.5,sphere,2.25,3.75,-6.7,4,1122,1123,11/12/2019,133,22,-6.51,30,0.5,0,,0,0,0
388,7,1124,A3F5,1.5,sphere,-1.75,-0.75,-6,4,1128,1123,11/12/2019,133,22,-6.51,180,-0.5,0,,0,0,1
478,6,1253,A13F11,1.5,sphere,-0.75,-3.75,-6.5,2,1258,1252,13/12/2019,147,22,-6.51,-45,0,0,,0,0,0
479,7,1254,A13F11,1,sphere,-0.75,-3.75,-6.7,2,1258,1252,13/12/2019,147,22,-6.51,-45,0,0,,0,0,0
480,8,1255,A13F11,1,sphere,-2.25,2.25,-6.7,2,1258,1252,13/12/2019,147,22,-6.51,15,0,0,,0,0,0
481,9,1256,A13F11,0.5,sphere,-2.25,2.25,-6.7,2,1258,1252,13/12/2019,147,22,-6.51,15,0,0,,0,0,0
482,10,1257,A13F11,0.5,sphere,-2.25,-2.25,-6.7,2,1258,1252,13/12/2019,147,22,-6.51,90,0,0,,0,0,0
483,1,1259,A15F11,1.5,sphere,-2.25,2.25,-6.5,2,1262,1263,13/12/2019,148,22,-6.51,0,0,0,,0,0,0
484,2,1260,A15F11,1,sphere,3.75,0.75,-6.7,2,1262,1263,13/12/2019,148,22,-6.51,30,0,0,,0,0,0
485,3,1261,A15F11,0.5,sphere,0.75,3.75,-6.7,2,1262,1263,13/12/2019,148,22,-6.51,75,0,0,,0,0,0
486,6,1264,A16F11,1.5,sphere,2.25,2.25,-6.5,2,1267,1263,13/12/2019,148,22,-6.51,180,0,0,,0,0,0
487,7,1265,A16F11,1,sphere,0.75,-2.25,-6.7,2,1267,1263,13/12/2019,148,22,-6.51,210,0,0,,0,0,0
488,8,1266,A16F11,0.5,sphere,-2.25,-2.25,-6.7,2,1267,1263,13/12/2019,148,22,-6.51,150,0,0,,0,0,0
389,8,1125,A3F5,1,sphere,-2.25,-1,-6.7,4,1128,1123,11/12/2019,133,22,-6.51,195,-0.5,0,,0,0,1
390,9,1126,A3F5,1,sphere,-3,1.25,-6,4,1128,1123,11/12/2019,133,22,-6.51,210,-0.5,0,,0,0,1
391,10,1127,A3F5,0.5,sphere,-2.25,-0.75,-6.7,4,1128,1123,11/12/2019,133,22,-6.51,210,-0.5,0,,0,0,1
492,6,1273,A15F3,1,sphere,-2.25,-1,-6.7,2,1275,1272,13/12/2019,149,22,-6.51,0,0,0,,0,0,0
493,7,1274,A15F3,0.5,sphere,-2.25,-1,-6.7,2,1275,1272,13/12/2019,149,22,-6.51,0,0,0,,0,0,0
393,2,1130,A3F5,1,sphere,2.25,0.75,-6.7,4,1132,1133,11/12/2019,134,22,-6.51,15,0,0,,0,0,1
394,3,1131,A3F5,0.5,sphere,2.25,0.25,-6.7,4,1132,1133,11/12/2019,134,22,-6.51,15,0,0,,0,0,1
392,1,1129,A3F5,1.5,sphere,1.75,0.75,-5.5,4,1132,1133,11/12/2019,134,22,-6.51,0,0,0,,0,0,1
497,6,1281,A15F4,1,sphere,3.75,0.75,-6.7,2,1283,1280,13/12/2019,150,22,-6.51,180,0,0,,0,0,0
498,7,1282,A15F4,0.5,sphere,3.75,0.75,-6.7,2,1283,1280,13/12/2019,150,22,-6.51,180,0,0,,0,0,0
499,1,1284,A15F12,1.5,sphere,0.75,-2.25,-6.5,2,1287,1288,13/12/2019,151,22,-6.51,30,0,0,,0,0,0
500,2,1285,A15F12,1,sphere,2.25,-2.25,-6.7,2,1287,1288,13/12/2019,151,22,-6.51,75,0,0,,0,0,0
501,3,1286,A15F12,0.5,sphere,2.25,-2.25,-6.7,2,1287,1288,13/12/2019,151,22,-6.51,75,0,0,,0,0,0
502,6,1289,A14F2,1.5,sphere,-2.25,-1,-6.5,2,1292,1288,13/12/2019,151,22,-6.51,0,0,0,,0,0,0
503,7,1290,A14F2,1,sphere,0.75,2.25,-6.7,2,1292,1288,13/12/2019,151,22,-6.51,45,0,0,,0,0,0
504,8,1291,A14F2,0.5,sphere,-2.25,2.25,-6.7,2,1292,1288,13/12/2019,151,22,-6.51,90,0,0,,0,0,0